,name,singaporean,race_chinese,race_malay,race_others,female,experience_nurshingHome,experience_emergencyClinic,experience_ICU,experience_nursery,experience_dayWard,special_Podiatrist,special_Psychology,special_Eye,special_Critical care nurse,special_Paediatrics,special_Occupational therapist,special_Dietitian,special_Physiotherapist,special_Diagnostic Radiographer,dist,ICU,assigned_ICU,IPSICU_match,rating,comments,recommend
0,Emerald Yu,1,1,0,0,1,1,0,0,0,0,0.8326644,0.8307892,0.8468467,0.8744201,0.879236,0.92619705,0.78752404,0.83872753,0.81183785,14.0,0,0,1,3.0,Reliable / going extra mile to serve patients,1
1,Emerald Yu,1,1,0,0,1,1,0,0,0,0,0.8326644,0.8307892,0.8468467,0.8744201,0.879236,0.92619705,0.78752404,0.83872753,0.81183785,14.0,0,0,1,3.0,Reliable / going extra mile to serve patients,1
2,Emerald Yu,1,1,0,0,1,1,0,0,0,0,0.8326644,0.8307892,0.8468467,0.8744201,0.879236,0.92619705,0.78752404,0.83872753,0.81183785,14.0,0,0,1,3.0,Reliable / going extra mile to serve patients,1
3,Emerald Yu,1,1,0,0,1,1,0,0,0,0,0.8326644,0.8307892,0.8468467,0.8744201,0.879236,0.92619705,0.78752404,0.83872753,0.81183785,14.0,0,0,1,3.0,Reliable / going extra mile to serve patients,1
4,Emerald Yu,1,1,0,0,1,1,0,0,0,0,0.8326644,0.8307892,0.8468467,0.8744201,0.879236,0.92619705,0.78752404,0.83872753,0.81183785,14.0,0,0,1,3.0,Reliable / going extra mile to serve patients,1
5,Emerald Yu,1,1,0,0,1,1,0,0,0,0,0.8326644,0.8307892,0.8468467,0.8744201,0.879236,0.92619705,0.78752404,0.83872753,0.81183785,14.0,0,0,1,3.0,Reliable / going extra mile to serve patients,1
6,Emerald Yu,1,1,0,0,1,1,0,0,0,0,0.8326644,0.8307892,0.8468467,0.8744201,0.879236,0.92619705,0.78752404,0.83872753,0.81183785,14.0,0,0,1,3.0,Reliable / going extra mile to serve patients,1
7,Emerald Yu,1,1,0,0,1,1,0,0,0,0,0.8326644,0.8307892,0.8468467,0.8744201,0.879236,0.92619705,0.78752404,0.83872753,0.81183785,14.0,0,0,1,3.0,Reliable / going extra mile to serve patients,1
8,Emerald Yu,1,1,0,0,1,1,0,0,0,0,0.8326644,0.8307892,0.8468467,0.8744201,0.879236,0.92619705,0.78752404,0.83872753,0.81183785,14.0,0,0,1,3.0,Reliable / going extra mile to serve patients,1
9,Emerald Yu,1,1,0,0,1,1,0,0,0,0,0.8326644,0.8307892,0.8468467,0.8744201,0.879236,0.92619705,0.78752404,0.83872753,0.81183785,14.0,0,0,1,3.0,Reliable / going extra mile to serve patients,1
10,Emerald Yu,1,1,0,0,1,1,0,0,0,0,0.8326644,0.8307892,0.8468467,0.8744201,0.879236,0.92619705,0.78752404,0.83872753,0.81183785,14.0,0,0,1,3.0,Reliable / going extra mile to serve patients,1
11,Emerald Yu,1,1,0,0,1,1,0,0,0,0,0.8326644,0.8307892,0.8468467,0.8744201,0.879236,0.92619705,0.78752404,0.83872753,0.81183785,14.0,0,0,1,3.0,Reliable / going extra mile to serve patients,1
12,Emerald Yu,1,1,0,0,1,1,0,0,0,0,0.8326644,0.8307892,0.8468467,0.8744201,0.879236,0.92619705,0.78752404,0.83872753,0.81183785,14.0,0,0,1,3.0,Reliable / going extra mile to serve patients,1
13,Emerald Yu,1,1,0,0,1,1,0,0,0,0,0.8326644,0.8307892,0.8468467,0.8744201,0.879236,0.92619705,0.78752404,0.83872753,0.81183785,14.0,0,0,1,3.0,Reliable / going extra mile to serve patients,1
14,Emerald Yu,1,1,0,0,1,1,0,0,0,0,0.8326644,0.8307892,0.8468467,0.8744201,0.879236,0.92619705,0.78752404,0.83872753,0.81183785,14.0,0,0,1,3.0,Reliable / going extra mile to serve patients,1
15,Emerald Yu,1,1,0,0,1,1,0,0,0,0,0.8326644,0.8307892,0.8468467,0.8744201,0.879236,0.92619705,0.78752404,0.83872753,0.81183785,14.0,0,0,1,3.0,Reliable / going extra mile to serve patients,1
16,Emerald Yu,1,1,0,0,1,1,0,0,0,0,0.8326644,0.8307892,0.8468467,0.8744201,0.879236,0.92619705,0.78752404,0.83872753,0.81183785,14.0,0,0,1,3.0,Reliable / going extra mile to serve patients,1
17,Emerald Yu,1,1,0,0,1,1,0,0,0,0,0.8326644,0.8307892,0.8468467,0.8744201,0.879236,0.92619705,0.78752404,0.83872753,0.81183785,14.0,0,0,1,3.0,Reliable / going extra mile to serve patients,1
18,Emerald Yu,1,1,0,0,1,1,0,0,0,0,0.8326644,0.8307892,0.8468467,0.8744201,0.879236,0.92619705,0.78752404,0.83872753,0.81183785,14.0,0,0,1,3.0,Reliable / going extra mile to serve patients,1
19,Emerald Yu,1,1,0,0,1,1,0,0,0,0,0.8326644,0.8307892,0.8468467,0.8744201,0.879236,0.92619705,0.78752404,0.83872753,0.81183785,14.0,0,0,1,3.0,Reliable / going extra mile to serve patients,1
20,Emerald Yu,1,1,0,0,1,1,0,0,0,0,0.8326644,0.8307892,0.8468467,0.8744201,0.879236,0.92619705,0.78752404,0.83872753,0.81183785,14.0,0,0,1,3.0,Reliable / going extra mile to serve patients,1
21,Emerald Yu,1,1,0,0,1,1,0,0,0,0,0.8326644,0.8307892,0.8468467,0.8744201,0.879236,0.92619705,0.78752404,0.83872753,0.81183785,14.0,0,0,1,3.0,Reliable / going extra mile to serve patients,1
22,Bryant Pace,1,1,0,0,1,1,0,0,0,0,0.8326644,0.8307892,0.8468467,0.8744201,0.879236,0.92619705,0.78752404,0.83872753,0.81183785,3.5,0,0,1,3.0,Reliable / going extra mile to serve patients,1
23,Bryant Pace,1,1,0,0,1,1,0,0,0,0,0.8326644,0.8307892,0.8468467,0.8744201,0.879236,0.92619705,0.78752404,0.83872753,0.81183785,3.5,0,0,1,3.0,Reliable / going extra mile to serve patients,1
24,Bryant Pace,1,1,0,0,1,1,0,0,0,0,0.8326644,0.8307892,0.8468467,0.8744201,0.879236,0.92619705,0.78752404,0.83872753,0.81183785,3.5,0,0,1,3.0,Reliable / going extra mile to serve patients,1
25,Bryant Pace,1,1,0,0,1,1,0,0,0,0,0.8326644,0.8307892,0.8468467,0.8744201,0.879236,0.92619705,0.78752404,0.83872753,0.81183785,3.5,0,0,1,3.0,Reliable / going extra mile to serve patients,1
26,Bryant Pace,1,1,0,0,1,1,0,0,0,0,0.8326644,0.8307892,0.8468467,0.8744201,0.879236,0.92619705,0.78752404,0.83872753,0.81183785,3.5,0,0,1,3.0,Reliable / going extra mile to serve patients,1
27,Bryant Pace,1,1,0,0,1,1,0,0,0,0,0.8326644,0.8307892,0.8468467,0.8744201,0.879236,0.92619705,0.78752404,0.83872753,0.81183785,3.5,0,0,1,3.0,Reliable / going extra mile to serve patients,1
28,Bryant Pace,1,1,0,0,1,1,0,0,0,0,0.8326644,0.8307892,0.8468467,0.8744201,0.879236,0.92619705,0.78752404,0.83872753,0.81183785,3.5,0,0,1,3.0,Reliable / going extra mile to serve patients,1
29,Bryant Pace,1,1,0,0,1,1,0,0,0,0,0.8326644,0.8307892,0.8468467,0.8744201,0.879236,0.92619705,0.78752404,0.83872753,0.81183785,3.5,0,0,1,3.0,Reliable / going extra mile to serve patients,1
30,Bryant Pace,1,1,0,0,1,1,0,0,0,0,0.8326644,0.8307892,0.8468467,0.8744201,0.879236,0.92619705,0.78752404,0.83872753,0.81183785,3.5,0,0,1,3.0,Reliable / going extra mile to serve patients,1
31,Bryant Pace,1,1,0,0,1,1,0,0,0,0,0.8326644,0.8307892,0.8468467,0.8744201,0.879236,0.92619705,0.78752404,0.83872753,0.81183785,3.5,0,0,1,3.0,Reliable / going extra mile to serve patients,1
32,Bryant Pace,1,1,0,0,1,1,0,0,0,0,0.8326644,0.8307892,0.8468467,0.8744201,0.879236,0.92619705,0.78752404,0.83872753,0.81183785,3.5,0,0,1,3.0,Reliable / going extra mile to serve patients,1
33,Bryant Pace,1,1,0,0,1,1,0,0,0,0,0.8326644,0.8307892,0.8468467,0.8744201,0.879236,0.92619705,0.78752404,0.83872753,0.81183785,3.5,0,0,1,3.0,Reliable / going extra mile to serve patients,1
34,Bryant Pace,1,1,0,0,1,1,0,0,0,0,0.8326644,0.8307892,0.8468467,0.8744201,0.879236,0.92619705,0.78752404,0.83872753,0.81183785,3.5,0,0,1,3.0,Reliable / going extra mile to serve patients,1
35,Bryant Pace,1,1,0,0,1,1,0,0,0,0,0.8326644,0.8307892,0.8468467,0.8744201,0.879236,0.92619705,0.78752404,0.83872753,0.81183785,3.5,0,0,1,3.0,Reliable / going extra mile to serve patients,1
36,Bryant Pace,1,1,0,0,1,1,0,0,0,0,0.8326644,0.8307892,0.8468467,0.8744201,0.879236,0.92619705,0.78752404,0.83872753,0.81183785,3.5,0,0,1,3.0,Reliable / Willing to accommodate to Ah-hod assignment / Good verbatim feedback from customer,1
37,Bryant Pace,1,1,0,0,1,1,0,0,0,0,0.8326644,0.8307892,0.8468467,0.8744201,0.879236,0.92619705,0.78752404,0.83872753,0.81183785,3.5,0,0,1,3.0,Reliable / Willing to accommodate to Ah-hod assignment / Good verbatim feedback from customer,1
38,Bryant Pace,1,1,0,0,1,1,0,0,0,0,0.8326644,0.8307892,0.8468467,0.8744201,0.879236,0.92619705,0.78752404,0.83872753,0.81183785,3.5,0,0,1,3.0,Reliable / Willing to accommodate to Ah-hod assignment / Good verbatim feedback from customer,1
39,Bryant Pace,1,1,0,0,1,1,0,0,0,0,0.8326644,0.8307892,0.8468467,0.8744201,0.879236,0.92619705,0.78752404,0.83872753,0.81183785,3.5,0,0,1,3.0,Reliable / Willing to accommodate to Ah-hod assignment / Good verbatim feedback from customer,1
40,Bryant Pace,1,1,0,0,1,1,0,0,0,0,0.8326644,0.8307892,0.8468467,0.8744201,0.879236,0.92619705,0.78752404,0.83872753,0.81183785,3.5,0,0,1,3.0,Reliable / Willing to accommodate to Ah-hod assignment / Good verbatim feedback from customer,1
41,Bryant Pace,1,1,0,0,1,1,0,0,0,0,0.8326644,0.8307892,0.8468467,0.8744201,0.879236,0.92619705,0.78752404,0.83872753,0.81183785,3.5,0,0,1,3.0,Reliable / Willing to accommodate to Ah-hod assignment / Good verbatim feedback from customer,1
42,Bryant Pace,1,1,0,0,1,1,0,0,0,0,0.8326644,0.8307892,0.8468467,0.8744201,0.879236,0.92619705,0.78752404,0.83872753,0.81183785,3.5,0,0,1,3.0,Reliable / Willing to accommodate to Ah-hod assignment / Good verbatim feedback from customer,1
43,Bryant Pace,1,1,0,0,1,1,0,0,0,0,0.8326644,0.8307892,0.8468467,0.8744201,0.879236,0.92619705,0.78752404,0.83872753,0.81183785,3.5,0,0,1,3.0,Reliable / going extra mile to serve patients,1
44,Bryant Pace,1,1,0,0,1,1,0,0,0,0,0.8326644,0.8307892,0.8468467,0.8744201,0.879236,0.92619705,0.78752404,0.83872753,0.81183785,3.5,0,0,1,3.0,Reliable / going extra mile to serve patients,1
45,Bryant Pace,1,1,0,0,1,1,0,0,0,0,0.8326644,0.8307892,0.8468467,0.8744201,0.879236,0.92619705,0.78752404,0.83872753,0.81183785,3.5,0,0,1,3.0,Reliable / going extra mile to serve patients,1
46,Bryant Pace,1,1,0,0,1,1,0,0,0,0,0.8326644,0.8307892,0.8468467,0.8744201,0.879236,0.92619705,0.78752404,0.83872753,0.81183785,3.5,0,0,1,3.0,Reliable / going extra mile to serve patients,1
47,Bryant Pace,1,1,0,0,1,1,0,0,0,0,0.8326644,0.8307892,0.8468467,0.8744201,0.879236,0.92619705,0.78752404,0.83872753,0.81183785,3.5,0,0,1,3.0,Reliable / going extra mile to serve patients,1
48,Bryant Pace,1,1,0,0,1,1,0,0,0,0,0.8326644,0.8307892,0.8468467,0.8744201,0.879236,0.92619705,0.78752404,0.83872753,0.81183785,3.5,0,0,1,3.0,Reliable / going extra mile to serve patients,1
49,Bryant Pace,1,1,0,0,1,1,0,0,0,0,0.8326644,0.8307892,0.8468467,0.8744201,0.879236,0.92619705,0.78752404,0.83872753,0.81183785,3.5,0,0,1,3.0,Reliable / going extra mile to serve patients,1
50,Bryant Pace,1,1,0,0,1,1,0,0,0,0,0.8326644,0.8307892,0.8468467,0.8744201,0.879236,0.92619705,0.78752404,0.83872753,0.81183785,3.5,0,0,1,3.0,Reliable / going extra mile to serve patients,1
51,Bryant Pace,1,1,0,0,1,1,0,0,0,0,0.8326644,0.8307892,0.8468467,0.8744201,0.879236,0.92619705,0.78752404,0.83872753,0.81183785,3.5,0,0,1,3.0,Reliable / going extra mile to serve patients,1
52,Bryant Pace,1,1,0,0,1,1,0,0,0,0,0.8326644,0.8307892,0.8468467,0.8744201,0.879236,0.92619705,0.78752404,0.83872753,0.81183785,3.5,0,0,1,3.0,Reliable / going extra mile to serve patients,1
53,Bryant Pace,1,1,0,0,1,1,0,0,0,0,0.8326644,0.8307892,0.8468467,0.8744201,0.879236,0.92619705,0.78752404,0.83872753,0.81183785,3.5,0,0,1,3.0,Reliable / going extra mile to serve patients,1
54,Bryant Pace,1,1,0,0,1,1,0,0,0,0,0.8326644,0.8307892,0.8468467,0.8744201,0.879236,0.92619705,0.78752404,0.83872753,0.81183785,3.5,0,0,1,3.0,Reliable / going extra mile to serve patients,1
55,Bryant Pace,1,1,0,0,1,1,0,0,0,0,0.8326644,0.8307892,0.8468467,0.8744201,0.879236,0.92619705,0.78752404,0.83872753,0.81183785,3.5,0,0,1,3.0,Reliable / going extra mile to serve patients,1
56,Bryant Pace,1,1,0,0,1,1,0,0,0,0,0.8326644,0.8307892,0.8468467,0.8744201,0.879236,0.92619705,0.78752404,0.83872753,0.81183785,3.5,0,0,1,3.0,Reliable / going extra mile to serve patients,1
57,Bryant Pace,1,1,0,0,1,1,0,0,0,0,0.8326644,0.8307892,0.8468467,0.8744201,0.879236,0.92619705,0.78752404,0.83872753,0.81183785,3.5,0,0,1,3.0,Reliable / going extra mile to serve patients,1
58,Giana Rios,1,1,0,0,1,0,1,0,0,0,0.92249215,0.88747823,0.73884314,0.9599114,1.0158607,1.0399382,0.903594,0.94616675,0.8883004,1.5,1,0,0,3.0,Committed. Willing to be deployed to another IPS on ad-hod basis,0
59,Giana Rios,1,1,0,0,1,0,1,0,0,0,0.92249215,0.88747823,0.73884314,0.9599114,1.0158607,1.0399382,0.903594,0.94616675,0.8883004,1.5,0,0,1,3.0,Committed. Willing to be deployed to another IPS on ad-hod basis,0
60,Giana Rios,1,1,0,0,1,0,1,0,0,0,0.92249215,0.88747823,0.73884314,0.9599114,1.0158607,1.0399382,0.903594,0.94616675,0.8883004,1.5,0,0,1,3.0,Committed. Willing to be deployed to another IPS on ad-hod basis,1
61,Giana Rios,1,1,0,0,1,0,1,0,0,0,0.92249215,0.88747823,0.73884314,0.9599114,1.0158607,1.0399382,0.903594,0.94616675,0.8883004,1.5,0,0,1,3.0,Committed. Willing to be deployed to another IPS on ad-hod basis,1
62,Giana Rios,1,1,0,0,1,0,1,0,0,0,0.92249215,0.88747823,0.73884314,0.9599114,1.0158607,1.0399382,0.903594,0.94616675,0.8883004,1.5,0,0,1,3.0,Committed. Willing to be deployed to another IPS on ad-hod basis,1
63,Giana Rios,1,1,0,0,1,0,1,0,0,0,0.92249215,0.88747823,0.73884314,0.9599114,1.0158607,1.0399382,0.903594,0.94616675,0.8883004,1.5,0,0,1,3.0,Committed. Willing to be deployed to another IPS on ad-hod basis,1
64,Giana Rios,1,1,0,0,1,0,1,0,0,0,0.92249215,0.88747823,0.73884314,0.9599114,1.0158607,1.0399382,0.903594,0.94616675,0.8883004,1.5,0,0,1,3.0,Committed. Willing to be deployed to another IPS on ad-hod basis,1
65,Giana Rios,1,1,0,0,1,0,1,0,0,0,0.92249215,0.88747823,0.73884314,0.9599114,1.0158607,1.0399382,0.903594,0.94616675,0.8883004,1.5,0,0,1,3.0,Committed. Willing to be deployed to another IPS on ad-hod basis,1
66,Giana Rios,1,1,0,0,1,0,1,0,0,0,0.92249215,0.88747823,0.73884314,0.9599114,1.0158607,1.0399382,0.903594,0.94616675,0.8883004,1.5,0,0,1,3.0,Committed. Willing to be deployed to another IPS on ad-hod basis,1
67,Giana Rios,1,1,0,0,1,0,1,0,0,0,0.92249215,0.88747823,0.73884314,0.9599114,1.0158607,1.0399382,0.903594,0.94616675,0.8883004,1.5,0,0,1,3.0,Committed. Willing to be deployed to another IPS on ad-hod basis,1
68,Giana Rios,1,1,0,0,1,0,1,0,0,0,0.92249215,0.88747823,0.73884314,0.9599114,1.0158607,1.0399382,0.903594,0.94616675,0.8883004,1.5,0,0,1,3.0,Committed. Willing to be deployed to another IPS on ad-hod basis,1
69,Giana Rios,1,1,0,0,1,0,1,0,0,0,0.92249215,0.88747823,0.73884314,0.9599114,1.0158607,1.0399382,0.903594,0.94616675,0.8883004,1.5,0,0,1,3.0,Committed. Willing to be deployed to another IPS on ad-hod basis,1
70,Giana Rios,1,1,0,0,1,0,1,0,0,0,0.92249215,0.88747823,0.73884314,0.9599114,1.0158607,1.0399382,0.903594,0.94616675,0.8883004,1.5,0,0,1,3.0,Committed. Willing to be deployed to another IPS on ad-hod basis,1
71,Giana Rios,1,1,0,0,1,0,1,0,0,0,0.92249215,0.88747823,0.73884314,0.9599114,1.0158607,1.0399382,0.903594,0.94616675,0.8883004,1.5,0,0,1,3.0,Committed. Willing to be deployed to another IPS on ad-hod basis,1
72,Giana Rios,1,1,0,0,1,0,1,0,0,0,0.92249215,0.88747823,0.73884314,0.9599114,1.0158607,1.0399382,0.903594,0.94616675,0.8883004,1.5,0,0,1,3.0,Committed. Willing to be deployed to another IPS on ad-hod basis,1
73,Giana Rios,1,1,0,0,1,0,1,0,0,0,0.92249215,0.88747823,0.73884314,0.9599114,1.0158607,1.0399382,0.903594,0.94616675,0.8883004,1.5,0,0,1,3.0,Committed. Willing to be deployed to another IPS on ad-hod basis,1
74,Giana Rios,1,1,0,0,1,0,1,0,0,0,0.92249215,0.88747823,0.73884314,0.9599114,1.0158607,1.0399382,0.903594,0.94616675,0.8883004,1.5,0,0,1,3.0,Committed. Willing to be deployed to another IPS on ad-hod basis,1
75,Giana Rios,1,1,0,0,1,0,1,0,0,0,0.92249215,0.88747823,0.73884314,0.9599114,1.0158607,1.0399382,0.903594,0.94616675,0.8883004,1.5,0,0,1,3.0,Committed. Willing to be deployed to another IPS on ad-hod basis,1
76,Giana Rios,1,1,0,0,1,0,1,0,0,0,0.92249215,0.88747823,0.73884314,0.9599114,1.0158607,1.0399382,0.903594,0.94616675,0.8883004,1.5,0,0,1,3.0,Committed. Willing to be deployed to another IPS on ad-hod basis,1
77,Giana Rios,1,1,0,0,1,0,1,0,0,0,0.92249215,0.88747823,0.73884314,0.9599114,1.0158607,1.0399382,0.903594,0.94616675,0.8883004,1.5,0,0,1,3.0,Committed. Willing to be deployed to another IPS on ad-hod basis,1
78,Giana Rios,1,1,0,0,1,0,1,0,0,0,0.92249215,0.88747823,0.73884314,0.9599114,1.0158607,1.0399382,0.903594,0.94616675,0.8883004,1.5,0,0,1,3.0,Committed. Willing to be deployed to another IPS on ad-hod basis,1
79,Giana Rios,1,1,0,0,1,0,1,0,0,0,0.92249215,0.88747823,0.73884314,0.9599114,1.0158607,1.0399382,0.903594,0.94616675,0.8883004,1.5,0,0,1,3.0,Committed. Willing to be deployed to another IPS on ad-hod basis,1
80,Giana Rios,1,1,0,0,1,0,1,0,0,0,0.92249215,0.88747823,0.73884314,0.9599114,1.0158607,1.0399382,0.903594,0.94616675,0.8883004,1.5,0,0,1,3.0,Committed. Willing to be deployed to another IPS on ad-hod basis,1
81,Giana Rios,1,1,0,0,1,0,1,0,0,0,0.92249215,0.88747823,0.73884314,0.9599114,1.0158607,1.0399382,0.903594,0.94616675,0.8883004,1.5,0,0,1,3.0,Committed. Willing to be deployed to another IPS on ad-hod basis,1
82,Giana Rios,1,1,0,0,1,0,1,0,0,0,0.92249215,0.88747823,0.73884314,0.9599114,1.0158607,1.0399382,0.903594,0.94616675,0.8883004,1.5,0,0,1,3.0,Committed. Willing to be deployed to another IPS on ad-hod basis,1
83,Giana Rios,1,1,0,0,1,0,1,0,0,0,0.92249215,0.88747823,0.73884314,0.9599114,1.0158607,1.0399382,0.903594,0.94616675,0.8883004,1.5,0,0,1,3.0,Committed. Willing to be deployed to another IPS on ad-hod basis,0
84,Giana Rios,1,1,0,0,1,0,1,0,0,0,0.92249215,0.88747823,0.73884314,0.9599114,1.0158607,1.0399382,0.903594,0.94616675,0.8883004,1.5,0,0,1,3.0,Committed. Willing to be deployed to another IPS on ad-hod basis,0
85,Giana Rios,1,1,0,0,1,0,1,0,0,0,0.92249215,0.88747823,0.73884314,0.9599114,1.0158607,1.0399382,0.903594,0.94616675,0.8883004,1.5,0,0,1,3.0,Committed. Willing to be deployed to another IPS on ad-hod basis,0
86,Giana Rios,1,1,0,0,1,0,1,0,0,0,0.92249215,0.88747823,0.73884314,0.9599114,1.0158607,1.0399382,0.903594,0.94616675,0.8883004,1.5,0,0,1,3.0,Committed. Willing to be deployed to another IPS on ad-hod basis,0
87,Giana Rios,1,1,0,0,1,0,1,0,0,0,0.92249215,0.88747823,0.73884314,0.9599114,1.0158607,1.0399382,0.903594,0.94616675,0.8883004,1.5,0,0,1,3.0,Committed. Willing to be deployed to another IPS on ad-hod basis,0
88,Giana Rios,1,1,0,0,1,0,1,0,0,0,0.92249215,0.88747823,0.73884314,0.9599114,1.0158607,1.0399382,0.903594,0.94616675,0.8883004,1.5,0,0,1,3.0,Committed. Willing to be deployed to another IPS on ad-hod basis,0
89,Giana Rios,1,1,0,0,1,0,1,0,0,0,0.92249215,0.88747823,0.73884314,0.9599114,1.0158607,1.0399382,0.903594,0.94616675,0.8883004,1.5,0,0,1,3.0,Committed. Willing to be deployed to another IPS on ad-hod basis,1
90,Giana Rios,1,1,0,0,1,0,1,0,0,0,0.92249215,0.88747823,0.73884314,0.9599114,1.0158607,1.0399382,0.903594,0.94616675,0.8883004,1.5,0,0,1,3.0,Committed. Willing to be deployed to another IPS on ad-hod basis,1
91,Giana Rios,1,1,0,0,1,0,1,0,0,0,0.92249215,0.88747823,0.73884314,0.9599114,1.0158607,1.0399382,0.903594,0.94616675,0.8883004,1.5,0,0,1,3.0,Committed. Willing to be deployed to another IPS on ad-hod basis,1
92,Giana Rios,1,1,0,0,1,0,1,0,0,0,0.92249215,0.88747823,0.73884314,0.9599114,1.0158607,1.0399382,0.903594,0.94616675,0.8883004,1.5,0,0,1,3.0,Committed. Willing to be deployed to another IPS on ad-hod basis,1
93,Giana Rios,1,1,0,0,1,0,1,0,0,0,0.92249215,0.88747823,0.73884314,0.9599114,1.0158607,1.0399382,0.903594,0.94616675,0.8883004,1.5,0,0,1,3.0,Committed. Willing to be deployed to another IPS on ad-hod basis,1
94,Giana Rios,1,1,0,0,1,0,1,0,0,0,0.92249215,0.88747823,0.73884314,0.9599114,1.0158607,1.0399382,0.903594,0.94616675,0.8883004,1.5,0,0,1,3.0,Committed. Willing to be deployed to another IPS on ad-hod basis,1
95,Giana Rios,1,1,0,0,1,0,1,0,0,0,0.92249215,0.88747823,0.73884314,0.9599114,1.0158607,1.0399382,0.903594,0.94616675,0.8883004,1.5,0,0,1,3.0,Committed. Willing to be deployed to another IPS on ad-hod basis,1
96,Giana Rios,1,1,0,0,1,0,1,0,0,0,0.92249215,0.88747823,0.73884314,0.9599114,1.0158607,1.0399382,0.903594,0.94616675,0.8883004,1.5,0,0,1,3.0,Committed. Willing to be deployed to another IPS on ad-hod basis,1
97,Giana Rios,1,1,0,0,1,0,1,0,0,0,0.92249215,0.88747823,0.73884314,0.9599114,1.0158607,1.0399382,0.903594,0.94616675,0.8883004,1.5,0,0,1,3.0,Committed. Willing to be deployed to another IPS on ad-hod basis,1
98,Giana Rios,1,1,0,0,1,0,1,0,0,0,0.92249215,0.88747823,0.73884314,0.9599114,1.0158607,1.0399382,0.903594,0.94616675,0.8883004,1.5,0,0,1,3.0,Committed. Willing to be deployed to another IPS on ad-hod basis,1
99,Giana Rios,1,1,0,0,1,0,1,0,0,0,0.92249215,0.88747823,0.73884314,0.9599114,1.0158607,1.0399382,0.903594,0.94616675,0.8883004,1.5,0,0,1,3.0,Committed. Willing to be deployed to another IPS on ad-hod basis,1
100,Giana Rios,1,1,0,0,1,0,1,0,0,0,0.92249215,0.88747823,0.73884314,0.9599114,1.0158607,1.0399382,0.903594,0.94616675,0.8883004,1.5,0,0,1,3.0,Committed. Willing to be deployed to another IPS on ad-hod basis,1
101,Giana Rios,1,1,0,0,1,0,1,0,0,0,0.92249215,0.88747823,0.73884314,0.9599114,1.0158607,1.0399382,0.903594,0.94616675,0.8883004,1.5,0,0,1,3.0,Committed. Willing to be deployed to another IPS on ad-hod basis,1
102,Giana Rios,1,1,0,0,1,0,1,0,0,0,0.92249215,0.88747823,0.73884314,0.9599114,1.0158607,1.0399382,0.903594,0.94616675,0.8883004,1.5,0,0,1,3.0,Committed. Willing to be deployed to another IPS on ad-hod basis,1
103,Giana Rios,1,1,0,0,1,0,1,0,0,0,0.92249215,0.88747823,0.73884314,0.9599114,1.0158607,1.0399382,0.903594,0.94616675,0.8883004,1.5,0,0,1,3.0,Committed. Willing to be deployed to another IPS on ad-hod basis,1
104,Giana Rios,1,1,0,0,1,0,1,0,0,0,0.92249215,0.88747823,0.73884314,0.9599114,1.0158607,1.0399382,0.903594,0.94616675,0.8883004,1.5,0,0,1,3.0,Committed. Willing to be deployed to another IPS on ad-hod basis,1
105,Israel Stevens,1,1,0,0,1,0,0,1,0,0,0.79766315,0.45284772,0.90834713,0.96834254,0.61151457,0.77744675,0.766026,0.78318,0.82555646,10.0,0,0,1,2.0,No show after that / Not committed,1
106,Israel Stevens,1,1,0,0,1,0,0,1,0,0,0.79766315,0.45284772,0.90834713,0.96834254,0.61151457,0.77744675,0.766026,0.78318,0.82555646,10.0,0,0,1,2.0,No show after that / Not committed,1
107,Israel Stevens,1,1,0,0,1,0,0,1,0,0,0.79766315,0.45284772,0.90834713,0.96834254,0.61151457,0.77744675,0.766026,0.78318,0.82555646,10.0,0,0,1,2.0,No show after that / Not committed,1
108,Israel Stevens,1,1,0,0,1,0,0,1,0,0,0.79766315,0.45284772,0.90834713,0.96834254,0.61151457,0.77744675,0.766026,0.78318,0.82555646,10.0,0,0,1,2.0,No show after that / Not committed,1
109,Israel Stevens,1,1,0,0,1,0,0,1,0,0,0.79766315,0.45284772,0.90834713,0.96834254,0.61151457,0.77744675,0.766026,0.78318,0.82555646,10.0,0,0,1,2.0,No show after that / Not committed,1
110,Israel Stevens,1,1,0,0,1,0,0,1,0,0,0.79766315,0.45284772,0.90834713,0.96834254,0.61151457,0.77744675,0.766026,0.78318,0.82555646,10.0,0,0,1,2.0,No show after that / Not committed,1
111,Israel Stevens,1,1,0,0,1,0,0,1,0,0,0.79766315,0.45284772,0.90834713,0.96834254,0.61151457,0.77744675,0.766026,0.78318,0.82555646,10.0,0,0,1,2.0,No show after that / Not committed,1
112,Katherine Carr,1,1,0,0,0,0,0,0,1,0,0.89248276,0.83941436,0.887093,0.85681766,0.80404276,0.89400196,0.85113,0.8418724,0.80908453,10.0,1,1,1,5.0,demonstrates strong clinical knowledge and strong team work .,1
113,Katherine Carr,1,1,0,0,0,0,0,0,1,0,0.89248276,0.83941436,0.887093,0.85681766,0.80404276,0.89400196,0.85113,0.8418724,0.80908453,10.0,1,1,1,5.0,demonstrates strong clinical knowledge and strong team work .,1
114,Katherine Carr,1,1,0,0,0,0,0,0,1,0,0.89248276,0.83941436,0.887093,0.85681766,0.80404276,0.89400196,0.85113,0.8418724,0.80908453,10.0,1,1,1,5.0,demonstrates strong clinical knowledge and strong team work .,1
115,Katherine Carr,1,1,0,0,0,0,0,0,1,0,0.89248276,0.83941436,0.887093,0.85681766,0.80404276,0.89400196,0.85113,0.8418724,0.80908453,10.0,1,1,1,5.0,demonstrates strong clinical knowledge and strong team work .,1
116,Katherine Carr,1,1,0,0,0,0,0,0,1,0,0.89248276,0.83941436,0.887093,0.85681766,0.80404276,0.89400196,0.85113,0.8418724,0.80908453,10.0,1,1,1,5.0,demonstrates strong clinical knowledge and strong team work .,1
117,Katherine Carr,1,1,0,0,0,0,0,0,1,0,0.89248276,0.83941436,0.887093,0.85681766,0.80404276,0.89400196,0.85113,0.8418724,0.80908453,10.0,1,1,1,5.0,demonstrates strong clinical knowledge and strong team work .,1
118,Kash Bridges,1,1,0,0,1,0,0,1,0,0,0.89248276,0.83941436,0.887093,0.85681766,0.80404276,0.89400196,0.85113,0.8418724,0.80908453,11.0,0,0,1,2.0,Not reliable,1
119,Kash Bridges,1,1,0,0,1,0,0,1,0,0,0.89248276,0.83941436,0.887093,0.85681766,0.80404276,0.89400196,0.85113,0.8418724,0.80908453,11.0,0,0,1,2.0,Not reliable,1
120,Elora Grant,1,1,0,0,0,0,0,0,1,0,0.89248276,0.83941436,0.887093,0.85681766,0.80404276,0.89400196,0.85113,0.8418724,0.80908453,10.0,1,1,1,4.0,consistently arrives early & demonstrates strong team work .,1
121,Elora Grant,1,1,0,0,0,0,0,0,1,0,0.89248276,0.83941436,0.887093,0.85681766,0.80404276,0.89400196,0.85113,0.8418724,0.80908453,10.0,1,1,1,4.0,consistently arrives early & demonstrates strong team work .,1
122,Elora Grant,1,1,0,0,0,0,0,0,1,0,0.89248276,0.83941436,0.887093,0.85681766,0.80404276,0.89400196,0.85113,0.8418724,0.80908453,10.0,1,1,1,4.0,consistently arrives early & demonstrates strong team work .,1
123,Elora Grant,1,1,0,0,0,0,0,0,1,0,0.89248276,0.83941436,0.887093,0.85681766,0.80404276,0.89400196,0.85113,0.8418724,0.80908453,10.0,1,1,1,4.0,consistently arrives early & demonstrates strong team work .,1
124,Elora Grant,1,1,0,0,0,0,0,0,1,0,0.89248276,0.83941436,0.887093,0.85681766,0.80404276,0.89400196,0.85113,0.8418724,0.80908453,10.0,1,1,1,4.0,consistently arrives early & demonstrates strong team work .,1
125,Elora Grant,1,1,0,0,0,0,0,0,1,0,0.89248276,0.83941436,0.887093,0.85681766,0.80404276,0.89400196,0.85113,0.8418724,0.80908453,10.0,1,1,1,4.0,consistently arrives early & demonstrates strong team work .,1
126,Leon Peterson,1,1,0,0,1,0,0,0,0,1,0.92249215,0.88747823,0.73884314,0.9599114,1.0158607,1.0399382,0.903594,0.94616675,0.8883004,19.0,0,0,1,2.0,Tardy,1
127,Leon Peterson,1,1,0,0,1,0,0,0,0,1,0.92249215,0.88747823,0.73884314,0.9599114,1.0158607,1.0399382,0.903594,0.94616675,0.8883004,19.0,0,0,1,2.0,Tardy,1
128,Leon Peterson,1,1,0,0,1,0,0,0,0,1,0.92249215,0.88747823,0.73884314,0.9599114,1.0158607,1.0399382,0.903594,0.94616675,0.8883004,19.0,0,0,1,2.0,Tardy,0
129,Leon Peterson,1,1,0,0,1,0,0,0,0,1,0.92249215,0.88747823,0.73884314,0.9599114,1.0158607,1.0399382,0.903594,0.94616675,0.8883004,19.0,0,0,1,2.0,Tardy,0
130,Leon Peterson,1,1,0,0,1,0,0,0,0,1,0.92249215,0.88747823,0.73884314,0.9599114,1.0158607,1.0399382,0.903594,0.94616675,0.8883004,19.0,0,0,1,2.0,Tardy,0
131,Leon Peterson,1,1,0,0,1,0,0,0,0,1,0.92249215,0.88747823,0.73884314,0.9599114,1.0158607,1.0399382,0.903594,0.94616675,0.8883004,19.0,0,0,1,2.0,Tardy,0
132,Leon Peterson,1,1,0,0,1,0,0,0,0,1,0.92249215,0.88747823,0.73884314,0.9599114,1.0158607,1.0399382,0.903594,0.94616675,0.8883004,19.0,0,0,1,2.0,Tardy,0
133,Leon Peterson,1,1,0,0,1,0,0,0,0,1,0.92249215,0.88747823,0.73884314,0.9599114,1.0158607,1.0399382,0.903594,0.94616675,0.8883004,19.0,0,0,1,2.0,Tardy,0
134,Leon Peterson,1,1,0,0,1,0,0,0,0,1,0.92249215,0.88747823,0.73884314,0.9599114,1.0158607,1.0399382,0.903594,0.94616675,0.8883004,19.0,0,0,1,2.0,Tardy,0
135,Leon Peterson,1,1,0,0,1,0,0,0,0,1,0.92249215,0.88747823,0.73884314,0.9599114,1.0158607,1.0399382,0.903594,0.94616675,0.8883004,19.0,0,0,1,2.0,Tardy,0
136,Leon Peterson,1,1,0,0,1,0,0,0,0,1,0.92249215,0.88747823,0.73884314,0.9599114,1.0158607,1.0399382,0.903594,0.94616675,0.8883004,19.0,0,0,1,2.0,Tardy,0
137,Leon Peterson,1,1,0,0,1,0,0,0,0,1,0.92249215,0.88747823,0.73884314,0.9599114,1.0158607,1.0399382,0.903594,0.94616675,0.8883004,19.0,0,0,1,2.0,Tardy,0
138,Leon Peterson,1,1,0,0,1,0,0,0,0,1,0.92249215,0.88747823,0.73884314,0.9599114,1.0158607,1.0399382,0.903594,0.94616675,0.8883004,19.0,0,0,1,2.0,Tardy,0
139,Leon Peterson,1,1,0,0,1,0,0,0,0,1,0.92249215,0.88747823,0.73884314,0.9599114,1.0158607,1.0399382,0.903594,0.94616675,0.8883004,19.0,0,0,1,2.0,Tardy,1
140,Leon Peterson,1,1,0,0,1,0,0,0,0,1,0.92249215,0.88747823,0.73884314,0.9599114,1.0158607,1.0399382,0.903594,0.94616675,0.8883004,19.0,0,0,1,2.0,Tardy,1
141,Leon Peterson,1,1,0,0,1,0,0,0,0,1,0.92249215,0.88747823,0.73884314,0.9599114,1.0158607,1.0399382,0.903594,0.94616675,0.8883004,19.0,0,0,1,2.0,Tardy,1
142,Leon Peterson,1,1,0,0,1,0,0,0,0,1,0.92249215,0.88747823,0.73884314,0.9599114,1.0158607,1.0399382,0.903594,0.94616675,0.8883004,19.0,0,0,1,2.0,Tardy,1
143,Leon Peterson,1,1,0,0,1,0,0,0,0,1,0.92249215,0.88747823,0.73884314,0.9599114,1.0158607,1.0399382,0.903594,0.94616675,0.8883004,19.0,0,0,1,2.0,Tardy,1
144,Leon Peterson,1,1,0,0,1,0,0,0,0,1,0.92249215,0.88747823,0.73884314,0.9599114,1.0158607,1.0399382,0.903594,0.94616675,0.8883004,19.0,0,0,1,2.0,Tardy,1
145,Leon Peterson,1,1,0,0,1,0,0,0,0,1,0.92249215,0.88747823,0.73884314,0.9599114,1.0158607,1.0399382,0.903594,0.94616675,0.8883004,19.0,0,0,1,2.0,Tardy,1
146,Leon Peterson,1,1,0,0,1,0,0,0,0,1,0.92249215,0.88747823,0.73884314,0.9599114,1.0158607,1.0399382,0.903594,0.94616675,0.8883004,19.0,0,0,1,2.0,Tardy,0
147,Leon Peterson,1,1,0,0,1,0,0,0,0,1,0.92249215,0.88747823,0.73884314,0.9599114,1.0158607,1.0399382,0.903594,0.94616675,0.8883004,19.0,0,0,1,2.0,Tardy,0
148,Leon Peterson,1,1,0,0,1,0,0,0,0,1,0.92249215,0.88747823,0.73884314,0.9599114,1.0158607,1.0399382,0.903594,0.94616675,0.8883004,19.0,0,0,1,2.0,Tardy,0
149,Leon Peterson,1,1,0,0,1,0,0,0,0,1,0.92249215,0.88747823,0.73884314,0.9599114,1.0158607,1.0399382,0.903594,0.94616675,0.8883004,19.0,0,0,1,2.0,Tardy,0
150,Leon Peterson,1,1,0,0,1,0,0,0,0,1,0.92249215,0.88747823,0.73884314,0.9599114,1.0158607,1.0399382,0.903594,0.94616675,0.8883004,19.0,0,0,1,2.0,Tardy,0
151,Leon Peterson,1,1,0,0,1,0,0,0,0,1,0.92249215,0.88747823,0.73884314,0.9599114,1.0158607,1.0399382,0.903594,0.94616675,0.8883004,19.0,0,0,1,2.0,Tardy,1
152,Leon Peterson,1,1,0,0,1,0,0,0,0,1,0.92249215,0.88747823,0.73884314,0.9599114,1.0158607,1.0399382,0.903594,0.94616675,0.8883004,19.0,0,0,1,2.0,Tardy,1
153,Leon Peterson,1,1,0,0,1,0,0,0,0,1,0.92249215,0.88747823,0.73884314,0.9599114,1.0158607,1.0399382,0.903594,0.94616675,0.8883004,19.0,0,0,1,2.0,Tardy,1
154,Leon Peterson,1,1,0,0,1,0,0,0,0,1,0.92249215,0.88747823,0.73884314,0.9599114,1.0158607,1.0399382,0.903594,0.94616675,0.8883004,19.0,0,0,1,2.0,Tardy,1
155,Leon Peterson,1,1,0,0,1,0,0,0,0,1,0.92249215,0.88747823,0.73884314,0.9599114,1.0158607,1.0399382,0.903594,0.94616675,0.8883004,19.0,0,0,1,2.0,Tardy,1
156,Leon Peterson,1,1,0,0,1,0,0,0,0,1,0.92249215,0.88747823,0.73884314,0.9599114,1.0158607,1.0399382,0.903594,0.94616675,0.8883004,19.0,0,0,1,2.0,Tardy,1
157,Leon Peterson,1,1,0,0,1,0,0,0,0,1,0.92249215,0.88747823,0.73884314,0.9599114,1.0158607,1.0399382,0.903594,0.94616675,0.8883004,19.0,0,0,1,2.0,Tardy,1
158,Leon Peterson,1,1,0,0,1,0,0,0,0,1,0.92249215,0.88747823,0.73884314,0.9599114,1.0158607,1.0399382,0.903594,0.94616675,0.8883004,19.0,0,0,1,2.0,Tardy,1
159,Leon Peterson,1,1,0,0,1,0,0,0,0,1,0.92249215,0.88747823,0.73884314,0.9599114,1.0158607,1.0399382,0.903594,0.94616675,0.8883004,19.0,0,0,1,2.0,Tardy,0
160,Leon Peterson,1,1,0,0,1,0,0,0,0,1,0.92249215,0.88747823,0.73884314,0.9599114,1.0158607,1.0399382,0.903594,0.94616675,0.8883004,19.0,0,0,1,2.0,Tardy,0
161,Leon Peterson,1,1,0,0,1,0,0,0,0,1,0.92249215,0.88747823,0.73884314,0.9599114,1.0158607,1.0399382,0.903594,0.94616675,0.8883004,19.0,0,0,1,2.0,Tardy,0
162,Leon Peterson,1,1,0,0,1,0,0,0,0,1,0.92249215,0.88747823,0.73884314,0.9599114,1.0158607,1.0399382,0.903594,0.94616675,0.8883004,19.0,0,0,1,2.0,Tardy,0
163,Leon Peterson,1,1,0,0,1,0,0,0,0,1,0.92249215,0.88747823,0.73884314,0.9599114,1.0158607,1.0399382,0.903594,0.94616675,0.8883004,19.0,0,0,1,2.0,Tardy,0
164,Leon Peterson,1,1,0,0,1,0,0,0,0,1,0.92249215,0.88747823,0.73884314,0.9599114,1.0158607,1.0399382,0.903594,0.94616675,0.8883004,19.0,0,0,1,2.0,Tardy,0
165,Leon Peterson,1,1,0,0,1,0,0,0,0,1,0.92249215,0.88747823,0.73884314,0.9599114,1.0158607,1.0399382,0.903594,0.94616675,0.8883004,19.0,0,0,1,2.0,Tardy,0
166,Leon Peterson,1,1,0,0,1,0,0,0,0,1,0.92249215,0.88747823,0.73884314,0.9599114,1.0158607,1.0399382,0.903594,0.94616675,0.8883004,19.0,0,0,1,2.0,Tardy,1
167,Leon Peterson,1,1,0,0,1,0,0,0,0,1,0.92249215,0.88747823,0.73884314,0.9599114,1.0158607,1.0399382,0.903594,0.94616675,0.8883004,19.0,0,0,1,2.0,Tardy,1
168,Leon Peterson,1,1,0,0,1,0,0,0,0,1,0.92249215,0.88747823,0.73884314,0.9599114,1.0158607,1.0399382,0.903594,0.94616675,0.8883004,19.0,0,0,1,2.0,Tardy,1
169,Leon Peterson,1,1,0,0,1,0,0,0,0,1,0.92249215,0.88747823,0.73884314,0.9599114,1.0158607,1.0399382,0.903594,0.94616675,0.8883004,19.0,0,0,1,2.0,Tardy,1
170,Leon Peterson,1,1,0,0,1,0,0,0,0,1,0.92249215,0.88747823,0.73884314,0.9599114,1.0158607,1.0399382,0.903594,0.94616675,0.8883004,19.0,0,0,1,2.0,Tardy,1
171,Caroline Stanley,1,0,1,0,0,0,0,0,0,1,0.89248276,0.83941436,0.887093,0.85681766,0.80404276,0.89400196,0.85113,0.8418724,0.80908453,6.0,0,0,1,2.0,Tardy. High negative feedback from patients,1
172,Caroline Stanley,1,0,1,0,0,0,0,0,0,1,0.89248276,0.83941436,0.887093,0.85681766,0.80404276,0.89400196,0.85113,0.8418724,0.80908453,6.0,0,0,1,2.0,Tardy. High negative feedback from patients,1
173,Caroline Stanley,1,0,1,0,0,0,0,0,0,1,0.89248276,0.83941436,0.887093,0.85681766,0.80404276,0.89400196,0.85113,0.8418724,0.80908453,6.0,0,0,1,2.0,Tardy. High negative feedback from patients,0
174,Caroline Stanley,1,0,1,0,0,0,0,0,0,1,0.89248276,0.83941436,0.887093,0.85681766,0.80404276,0.89400196,0.85113,0.8418724,0.80908453,6.0,0,0,1,2.0,Tardy. High negative feedback from patients,0
175,Caroline Stanley,1,0,1,0,0,0,0,0,0,1,0.89248276,0.83941436,0.887093,0.85681766,0.80404276,0.89400196,0.85113,0.8418724,0.80908453,6.0,0,0,1,2.0,Tardy. High negative feedback from patients,1
176,Caroline Stanley,1,0,1,0,0,0,0,0,0,1,0.89248276,0.83941436,0.887093,0.85681766,0.80404276,0.89400196,0.85113,0.8418724,0.80908453,6.0,0,0,1,2.0,Tardy. High negative feedback from patients,1
177,Caroline Stanley,1,0,1,0,0,0,0,0,0,1,0.89248276,0.83941436,0.887093,0.85681766,0.80404276,0.89400196,0.85113,0.8418724,0.80908453,6.0,0,0,1,2.0,Tardy. High negative feedback from patients,1
178,Caroline Stanley,1,0,1,0,0,0,0,0,0,1,0.89248276,0.83941436,0.887093,0.85681766,0.80404276,0.89400196,0.85113,0.8418724,0.80908453,6.0,0,0,1,2.0,Tardy. High negative feedback from patients,1
179,Caroline Stanley,1,0,1,0,0,0,0,0,0,1,0.89248276,0.83941436,0.887093,0.85681766,0.80404276,0.89400196,0.85113,0.8418724,0.80908453,6.0,0,0,1,2.0,Tardy. High negative feedback from patients,1
180,Caroline Stanley,1,0,1,0,0,0,0,0,0,1,0.89248276,0.83941436,0.887093,0.85681766,0.80404276,0.89400196,0.85113,0.8418724,0.80908453,6.0,0,0,1,2.0,Tardy. High negative feedback from patients,1
181,Caroline Stanley,1,0,1,0,0,0,0,0,0,1,0.89248276,0.83941436,0.887093,0.85681766,0.80404276,0.89400196,0.85113,0.8418724,0.80908453,6.0,0,0,1,2.0,Tardy. High negative feedback from patients,1
182,Caroline Stanley,1,0,1,0,0,0,0,0,0,1,0.89248276,0.83941436,0.887093,0.85681766,0.80404276,0.89400196,0.85113,0.8418724,0.80908453,6.0,0,0,1,2.0,Tardy. High negative feedback from patients,1
183,Caroline Stanley,1,0,1,0,0,0,0,0,0,1,0.89248276,0.83941436,0.887093,0.85681766,0.80404276,0.89400196,0.85113,0.8418724,0.80908453,6.0,0,0,1,2.0,Tardy. High negative feedback from patients,1
184,Caroline Stanley,1,0,1,0,0,0,0,0,0,1,0.89248276,0.83941436,0.887093,0.85681766,0.80404276,0.89400196,0.85113,0.8418724,0.80908453,6.0,0,0,1,2.0,Tardy. High negative feedback from patients,1
185,Caroline Stanley,1,0,1,0,0,0,0,0,0,1,0.89248276,0.83941436,0.887093,0.85681766,0.80404276,0.89400196,0.85113,0.8418724,0.80908453,6.0,0,0,1,2.0,Tardy. High negative feedback from patients,1
186,Caroline Stanley,1,0,1,0,0,0,0,0,0,1,0.89248276,0.83941436,0.887093,0.85681766,0.80404276,0.89400196,0.85113,0.8418724,0.80908453,6.0,0,0,1,2.0,Tardy. High negative feedback from patients,1
187,Caroline Stanley,1,0,1,0,0,0,0,0,0,1,0.89248276,0.83941436,0.887093,0.85681766,0.80404276,0.89400196,0.85113,0.8418724,0.80908453,6.0,0,0,1,2.0,Tardy. High negative feedback from patients,1
188,Manuel Madden,1,0,1,0,1,0,1,0,0,0,0.92249215,0.88747823,0.73884314,0.9599114,1.0158607,1.0399382,0.903594,0.94616675,0.8883004,13.5,1,1,1,4.0,consistently arrives early & demonstrates strong team work .,1
189,Manuel Madden,1,0,1,0,1,0,1,0,0,0,0.92249215,0.88747823,0.73884314,0.9599114,1.0158607,1.0399382,0.903594,0.94616675,0.8883004,13.5,1,1,1,1.0,"will not turn up the next day , if cases given to her unexpectedly becomes heavier .",1
190,Manuel Madden,1,0,1,0,1,0,1,0,0,0,0.92249215,0.88747823,0.73884314,0.9599114,1.0158607,1.0399382,0.903594,0.94616675,0.8883004,13.5,1,1,1,1.0,"will not turn up the next day , if cases given to her unexpectedly becomes heavier .",1
191,Manuel Madden,1,0,1,0,1,0,1,0,0,0,0.92249215,0.88747823,0.73884314,0.9599114,1.0158607,1.0399382,0.903594,0.94616675,0.8883004,13.5,1,1,1,1.0,"will not turn up the next day , if cases given to her unexpectedly becomes heavier .",1
192,Manuel Madden,1,0,1,0,1,0,1,0,0,0,0.92249215,0.88747823,0.73884314,0.9599114,1.0158607,1.0399382,0.903594,0.94616675,0.8883004,13.5,1,1,1,1.0,"will not turn up the next day , if cases given to her unexpectedly becomes heavier .",1
193,Manuel Madden,1,0,1,0,1,0,1,0,0,0,0.92249215,0.88747823,0.73884314,0.9599114,1.0158607,1.0399382,0.903594,0.94616675,0.8883004,13.5,1,1,1,1.0,"will not turn up the next day , if cases given to her unexpectedly becomes heavier .",1
194,Manuel Madden,1,0,1,0,1,0,1,0,0,0,0.92249215,0.88747823,0.73884314,0.9599114,1.0158607,1.0399382,0.903594,0.94616675,0.8883004,13.5,1,1,1,1.0,"will not turn up the next day , if cases given to her unexpectedly becomes heavier .",1
195,Manuel Madden,1,0,1,0,1,0,0,1,0,0,0.92249215,0.88747823,0.73884314,0.9599114,1.0158607,1.0399382,0.903594,0.94616675,0.8883004,6.0,1,1,1,4.0,consistently arrives early & demonstrates strong team work .,1
196,Manuel Madden,1,0,1,0,1,0,0,1,0,0,0.92249215,0.88747823,0.73884314,0.9599114,1.0158607,1.0399382,0.903594,0.94616675,0.8883004,6.0,1,1,1,1.0,"will not turn up the next day , if cases given to her unexpectedly becomes heavier .",1
197,Manuel Madden,1,0,1,0,1,0,0,1,0,0,0.92249215,0.88747823,0.73884314,0.9599114,1.0158607,1.0399382,0.903594,0.94616675,0.8883004,6.0,1,1,1,1.0,"will not turn up the next day , if cases given to her unexpectedly becomes heavier .",1
198,Manuel Madden,1,0,1,0,1,0,0,1,0,0,0.92249215,0.88747823,0.73884314,0.9599114,1.0158607,1.0399382,0.903594,0.94616675,0.8883004,6.0,1,1,1,1.0,"will not turn up the next day , if cases given to her unexpectedly becomes heavier .",1
199,Manuel Madden,1,0,1,0,1,0,0,1,0,0,0.92249215,0.88747823,0.73884314,0.9599114,1.0158607,1.0399382,0.903594,0.94616675,0.8883004,6.0,1,1,1,1.0,"will not turn up the next day , if cases given to her unexpectedly becomes heavier .",1
200,Violette Vasquez,1,0,1,0,1,0,0,0,0,1,0.8326644,0.8307892,0.8468467,0.8744201,0.879236,0.92619705,0.78752404,0.83872753,0.81183785,6.0,0,0,1,3.0,Committed. Willing to be deployed to another IPS on ad-hod basis,1
201,Violette Vasquez,1,0,1,0,1,0,0,0,0,1,0.8326644,0.8307892,0.8468467,0.8744201,0.879236,0.92619705,0.78752404,0.83872753,0.81183785,6.0,0,0,1,3.0,Committed. Willing to be deployed to another IPS on ad-hod basis,1
202,Violette Vasquez,1,0,1,0,1,0,0,0,0,1,0.8326644,0.8307892,0.8468467,0.8744201,0.879236,0.92619705,0.78752404,0.83872753,0.81183785,6.0,0,0,1,3.0,Committed. Willing to be deployed to another IPS on ad-hod basis,1
203,Violette Vasquez,1,0,1,0,1,0,0,0,0,1,0.8326644,0.8307892,0.8468467,0.8744201,0.879236,0.92619705,0.78752404,0.83872753,0.81183785,6.0,0,0,1,3.0,Committed. Willing to be deployed to another IPS on ad-hod basis,1
204,Violette Vasquez,1,0,1,0,1,0,0,0,0,1,0.8326644,0.8307892,0.8468467,0.8744201,0.879236,0.92619705,0.78752404,0.83872753,0.81183785,6.0,0,0,1,3.0,Committed. Willing to be deployed to another IPS on ad-hod basis,1
205,Violette Vasquez,1,0,1,0,1,0,0,0,0,1,0.8326644,0.8307892,0.8468467,0.8744201,0.879236,0.92619705,0.78752404,0.83872753,0.81183785,6.0,0,0,1,3.0,Committed. Willing to be deployed to another IPS on ad-hod basis,1
206,Violette Vasquez,1,0,1,0,1,0,0,0,0,1,0.8326644,0.8307892,0.8468467,0.8744201,0.879236,0.92619705,0.78752404,0.83872753,0.81183785,6.0,0,0,1,3.0,Committed. Willing to be deployed to another IPS on ad-hod basis,1
207,Violette Vasquez,1,0,1,0,1,0,0,0,0,1,0.8326644,0.8307892,0.8468467,0.8744201,0.879236,0.92619705,0.78752404,0.83872753,0.81183785,6.0,0,0,1,3.0,Committed. Willing to be deployed to another IPS on ad-hod basis,1
208,Violette Vasquez,1,0,1,0,1,0,0,0,0,1,0.8326644,0.8307892,0.8468467,0.8744201,0.879236,0.92619705,0.78752404,0.83872753,0.81183785,6.0,0,0,1,3.0,Committed. Willing to be deployed to another IPS on ad-hod basis,1
209,Violette Vasquez,1,0,1,0,1,0,0,0,0,1,0.8326644,0.8307892,0.8468467,0.8744201,0.879236,0.92619705,0.78752404,0.83872753,0.81183785,6.0,0,0,1,3.0,Committed. Willing to be deployed to another IPS on ad-hod basis,1
210,Violette Vasquez,1,0,1,0,1,0,0,0,0,1,0.8326644,0.8307892,0.8468467,0.8744201,0.879236,0.92619705,0.78752404,0.83872753,0.81183785,6.0,0,0,1,3.0,Committed. Willing to be deployed to another IPS on ad-hod basis,1
211,Violette Vasquez,1,0,1,0,1,0,0,0,0,1,0.8326644,0.8307892,0.8468467,0.8744201,0.879236,0.92619705,0.78752404,0.83872753,0.81183785,6.0,0,0,1,3.0,Committed. Willing to be deployed to another IPS on ad-hod basis,1
212,Violette Vasquez,1,0,1,0,1,0,0,0,0,1,0.8326644,0.8307892,0.8468467,0.8744201,0.879236,0.92619705,0.78752404,0.83872753,0.81183785,6.0,0,0,1,3.0,Committed. Willing to be deployed to another IPS on ad-hod basis,1
213,Violette Vasquez,1,0,1,0,1,0,0,0,0,1,0.8326644,0.8307892,0.8468467,0.8744201,0.879236,0.92619705,0.78752404,0.83872753,0.81183785,6.0,0,0,1,3.0,Committed. Willing to be deployed to another IPS on ad-hod basis,1
214,Violette Vasquez,1,0,1,0,1,0,0,0,0,1,0.8326644,0.8307892,0.8468467,0.8744201,0.879236,0.92619705,0.78752404,0.83872753,0.81183785,6.0,0,0,1,3.0,Committed. Willing to be deployed to another IPS on ad-hod basis,1
215,Violette Vasquez,1,0,1,0,1,0,0,0,0,1,0.8326644,0.8307892,0.8468467,0.8744201,0.879236,0.92619705,0.78752404,0.83872753,0.81183785,6.0,0,0,1,3.0,Committed. Willing to be deployed to another IPS on ad-hod basis,1
216,Violette Vasquez,1,0,1,0,1,0,0,0,0,1,0.8326644,0.8307892,0.8468467,0.8744201,0.879236,0.92619705,0.78752404,0.83872753,0.81183785,6.0,0,0,1,3.0,Committed. Willing to be deployed to another IPS on ad-hod basis,1
217,Violette Vasquez,1,0,1,0,1,0,0,0,0,1,0.8326644,0.8307892,0.8468467,0.8744201,0.879236,0.92619705,0.78752404,0.83872753,0.81183785,6.0,0,0,1,3.0,Committed. Willing to be deployed to another IPS on ad-hod basis,1
218,Violette Vasquez,1,0,1,0,1,0,0,0,0,1,0.8326644,0.8307892,0.8468467,0.8744201,0.879236,0.92619705,0.78752404,0.83872753,0.81183785,6.0,0,0,1,3.0,Committed. Willing to be deployed to another IPS on ad-hod basis,1
219,Violette Vasquez,1,0,1,0,1,0,0,0,0,1,0.8326644,0.8307892,0.8468467,0.8744201,0.879236,0.92619705,0.78752404,0.83872753,0.81183785,6.0,0,0,1,3.0,Committed. Willing to be deployed to another IPS on ad-hod basis,1
220,Violette Vasquez,1,0,1,0,1,0,0,0,0,1,0.8326644,0.8307892,0.8468467,0.8744201,0.879236,0.92619705,0.78752404,0.83872753,0.81183785,6.0,0,0,1,3.0,Committed. Willing to be deployed to another IPS on ad-hod basis,1
221,Violette Vasquez,1,0,1,0,1,0,0,0,0,1,0.8326644,0.8307892,0.8468467,0.8744201,0.879236,0.92619705,0.78752404,0.83872753,0.81183785,6.0,0,0,1,3.0,Committed. Willing to be deployed to another IPS on ad-hod basis,1
222,Violette Vasquez,1,0,1,0,1,0,0,0,0,1,0.8326644,0.8307892,0.8468467,0.8744201,0.879236,0.92619705,0.78752404,0.83872753,0.81183785,6.0,0,0,1,3.0,Committed. Willing to be deployed to another IPS on ad-hod basis,1
223,Violette Vasquez,1,0,1,0,1,0,0,0,0,1,0.8326644,0.8307892,0.8468467,0.8744201,0.879236,0.92619705,0.78752404,0.83872753,0.81183785,6.0,0,0,1,3.0,Committed. Willing to be deployed to another IPS on ad-hod basis,1
224,Violette Vasquez,1,0,1,0,1,0,0,0,0,1,0.8326644,0.8307892,0.8468467,0.8744201,0.879236,0.92619705,0.78752404,0.83872753,0.81183785,6.0,0,0,1,3.0,Committed. Willing to be deployed to another IPS on ad-hod basis,1
225,Violette Vasquez,1,0,1,0,1,0,0,0,0,1,0.8326644,0.8307892,0.8468467,0.8744201,0.879236,0.92619705,0.78752404,0.83872753,0.81183785,6.0,0,0,1,3.0,Committed. Willing to be deployed to another IPS on ad-hod basis,1
226,Violette Vasquez,1,0,1,0,1,0,0,0,0,1,0.8326644,0.8307892,0.8468467,0.8744201,0.879236,0.92619705,0.78752404,0.83872753,0.81183785,6.0,0,0,1,3.0,Committed. Willing to be deployed to another IPS on ad-hod basis,1
227,Violette Vasquez,1,0,1,0,1,0,0,0,0,1,0.8326644,0.8307892,0.8468467,0.8744201,0.879236,0.92619705,0.78752404,0.83872753,0.81183785,6.0,0,0,1,3.0,Committed. Willing to be deployed to another IPS on ad-hod basis,1
228,Violette Vasquez,1,0,1,0,1,0,0,0,0,1,0.8326644,0.8307892,0.8468467,0.8744201,0.879236,0.92619705,0.78752404,0.83872753,0.81183785,6.0,0,0,1,3.0,Committed. Willing to be deployed to another IPS on ad-hod basis,1
229,Violette Vasquez,1,0,1,0,1,0,0,0,0,1,0.8326644,0.8307892,0.8468467,0.8744201,0.879236,0.92619705,0.78752404,0.83872753,0.81183785,6.0,0,0,1,3.0,Committed. Willing to be deployed to another IPS on ad-hod basis,1
230,Violette Vasquez,1,0,1,0,1,0,0,0,0,1,0.8326644,0.8307892,0.8468467,0.8744201,0.879236,0.92619705,0.78752404,0.83872753,0.81183785,6.0,0,0,1,3.0,Committed. Willing to be deployed to another IPS on ad-hod basis,1
231,Violette Vasquez,1,0,1,0,1,0,0,0,0,1,0.8326644,0.8307892,0.8468467,0.8744201,0.879236,0.92619705,0.78752404,0.83872753,0.81183785,6.0,0,0,1,3.0,Committed. Willing to be deployed to another IPS on ad-hod basis,1
232,Violette Vasquez,1,0,1,0,1,0,0,0,0,1,0.8326644,0.8307892,0.8468467,0.8744201,0.879236,0.92619705,0.78752404,0.83872753,0.81183785,6.0,0,0,1,3.0,Committed. Willing to be deployed to another IPS on ad-hod basis,1
233,Violette Vasquez,1,0,1,0,1,0,0,0,0,1,0.8326644,0.8307892,0.8468467,0.8744201,0.879236,0.92619705,0.78752404,0.83872753,0.81183785,6.0,0,0,1,3.0,Committed. Willing to be deployed to another IPS on ad-hod basis,1
234,Violette Vasquez,1,0,1,0,1,0,0,0,0,1,0.8326644,0.8307892,0.8468467,0.8744201,0.879236,0.92619705,0.78752404,0.83872753,0.81183785,6.0,0,0,1,3.0,Committed. Willing to be deployed to another IPS on ad-hod basis,1
235,Violette Vasquez,1,0,1,0,1,0,0,0,0,1,0.8326644,0.8307892,0.8468467,0.8744201,0.879236,0.92619705,0.78752404,0.83872753,0.81183785,6.0,0,0,1,3.0,Committed. Willing to be deployed to another IPS on ad-hod basis,1
236,Violette Vasquez,1,0,1,0,1,0,0,0,0,1,0.8326644,0.8307892,0.8468467,0.8744201,0.879236,0.92619705,0.78752404,0.83872753,0.81183785,6.0,0,0,1,3.0,Committed. Willing to be deployed to another IPS on ad-hod basis,1
237,Violette Vasquez,1,0,1,0,1,0,0,0,0,1,0.8326644,0.8307892,0.8468467,0.8744201,0.879236,0.92619705,0.78752404,0.83872753,0.81183785,6.0,0,0,1,3.0,Committed. Willing to be deployed to another IPS on ad-hod basis,1
238,Rowan Lewis,1,0,1,0,1,0,0,0,0,1,0.8326644,0.8307892,0.8468467,0.8744201,0.879236,0.92619705,0.78752404,0.83872753,0.81183785,17.0,0,0,1,2.0,Lack of commitment,1
239,Rowan Lewis,1,0,1,0,1,0,0,0,0,1,0.8326644,0.8307892,0.8468467,0.8744201,0.879236,0.92619705,0.78752404,0.83872753,0.81183785,17.0,0,0,1,2.0,Lack of commitment,1
240,Rowan Lewis,1,0,1,0,1,0,0,0,0,1,0.8326644,0.8307892,0.8468467,0.8744201,0.879236,0.92619705,0.78752404,0.83872753,0.81183785,17.0,0,0,1,2.0,Lack of commitment,1
241,Rowan Lewis,1,0,1,0,1,0,0,0,0,1,0.8326644,0.8307892,0.8468467,0.8744201,0.879236,0.92619705,0.78752404,0.83872753,0.81183785,17.0,0,0,1,2.0,Lack of commitment,1
242,Rowan Lewis,1,0,1,0,1,0,0,0,0,1,0.8326644,0.8307892,0.8468467,0.8744201,0.879236,0.92619705,0.78752404,0.83872753,0.81183785,17.0,0,0,1,2.0,Lack of commitment,1
243,Ellie Drake,1,1,0,0,1,0,0,0,0,1,0.8326644,0.8307892,0.8468467,0.8744201,0.879236,0.92619705,0.78752404,0.83872753,0.81183785,10.0,0,0,1,3.0,Reliable,1
244,Ellie Drake,1,1,0,0,1,0,0,0,0,1,0.8326644,0.8307892,0.8468467,0.8744201,0.879236,0.92619705,0.78752404,0.83872753,0.81183785,10.0,0,0,1,3.0,Reliable,1
245,Ellie Drake,1,1,0,0,1,0,0,0,0,1,0.8326644,0.8307892,0.8468467,0.8744201,0.879236,0.92619705,0.78752404,0.83872753,0.81183785,10.0,0,0,1,3.0,Reliable,1
